<?xml version="1.0" encoding="utf-8"?>
<extension type="component" version="4.0" method="upgrade">
    <name>com_ra_eventbooking</name>
    <creationDate>2026-02-21</creationDate>
    <copyright>2025-2026 Ruby Tuesday</copyright>
    <license>GNU General Public License version 2 or later; see LICENSE.txt</license>
    <author>Chris Vaughan </author>
    <authorEmail>ruby.tuesday@ramblers-webs.org.uk</authorEmail>
    <authorUrl>http://ramblers-webs.org.uk</authorUrl>
    <version>1.0.4</version>
    <description>Enable booking of events on a group web site, walks and non walking events</description>
    <namespace path="src">Ramblers\Component\Ra_eventbooking</namespace>
    
    <install> <!-- Runs on install -->
        <sql>
            <file driver="mysql" charset="utf8">sql/install.mysql.utf8.sql</file>
        </sql>
    </install>
    <update> <!-- Runs on update -->
        <schemas>
            <schemapath type="mysql">sql/updates</schemapath>
        </schemas>
    </update>
    <uninstall> <!-- Runs on uninstall -->
        <sql>
            <file driver="mysql" charset="utf8">sql/uninstall.mysql.utf8.sql</file>
        </sql>
    </uninstall>

    <files folder="site">
        <folder>src</folder>
        <folder>forms</folder>
        <folder>tmpl</folder>
    </files>
    <media destination="com_ra_eventbooking" folder="media">
        <folder>css</folder>
        <folder>js</folder>
        <folder>icons</folder>
        <filename>joomla.asset.json</filename>
    </media>
    <languages folder="site/languages">
        <language tag="en-GB">en-GB/en-GB.com_ra_eventbooking.ini</language>
    </languages>
    <administration>
        <menu>COM_RA_EVENTBOOKING</menu>
        <submenu>
            <menu link="option=com_ra_eventbooking&amp;view=eventsettings" view="eventsettings" alt="Ra_eventbooking/Eventsettings">COM_RA_EVENTBOOKING_TITLE_EVENTSETTINGS</menu>
        </submenu>
        <files folder="administrator">
            <filename>access.xml</filename>
            <filename>config.xml</filename>
            <folder>forms</folder>
            <folder>src</folder>
            <folder>tmpl</folder>
            <folder>services</folder>
            <folder>presets</folder>
            <folder>sql</folder>
        </files>
        <languages folder="administrator/languages">
            <language tag="en-GB">en-GB/en-GB.com_ra_eventbooking.ini</language>
            <language tag="en-GB">en-GB/en-GB.com_ra_eventbooking.sys.ini</language>
        </languages>
    </administration>
    <config>
        <fields name="params">
            <fieldset name="component">
                <field name="save_history" default="0" />
            </fieldset>
        </fields>
    </config>
    <plugins>
    </plugins>
    

    <updateservers>
        <server type="extension" priority="1" name="Ramblers-webs Event Booking">https://raw.githubusercontent.com/ramblerswebs/updates/master/updates/com_ra_event_booking.xml</server>
    </updateservers>
</extension>
<!-- Component built by the Joomla Component Creator -->
<!-- http://www.component-creator.com/ -->
