<?xml version="1.0" encoding="utf-8"?>
<metadata>
    <layout title="COM_RA_EVENTBOOKING_TITLE_ITEM_VIEW_EVENTSETTING" option="View">
        <message>
                        <![CDATA[COM_RA_EVENTBOOKING_TITLE_ITEM_VIEW_EVENTSETTING_DESC]]>
        </message>
    </layout>
    <fields name="request">
        <fieldset 
            name="request"
            label="COM_RA_EVENTBOOKING_FIELDSET_ITEM_ID_SELECT_LABEL">
            <field
                name="id"
                query="SELECT `id`, `event_id` FROM #__ra_event_bookings ORDER BY `id`"
                type="sql"
                key_field="id" 
                value_field="event_id"
                label="COM_RA_EVENTBOOKING_ITEM_ID_SELECT_LABEL"
                require="true"
                description="JGLOBAL_SHOW_TITLE_DESC">
            </field>
        </fieldset>
    </fields>
</metadata>
